{
  "experiment_info": {
    "total_experiments": 360,
    "successful_experiments": 360,
    "success_rate": 1.0,
    "execution_time_hours": 0.24921590050061543,
    "detectors": [
      "ADWIN",
      "DDM",
      "QuadCDD"
    ],
    "data_groups": [
      "Group A1",
      "Group A2",
      "Group A3",
      "Group B1",
      "Group B2",
      "Group B3"
    ]
  },
  "performance_summary": {
    "best_detector_delay": {
      "detector": "QuadCDD",
      "data_group": "Group B3",
      "drift_detection_delay_mean": 141.1
    },
    "best_detector_fpr": {
      "detector": "ADWIN",
      "data_group": "Group A2",
      "false_positive_rate_mean": 0.0
    },
    "best_detector_recall": {
      "detector": "ADWIN",
      "data_group": "Group B1",
      "drift_detection_recall_mean": 1.0
    }
  },
  "detector_rankings": {
    "by_delay": {
      "DDM": 483.45,
      "QuadCDD": 520.9833333333333,
      "ADWIN": 636.4583333333334
    },
    "by_fpr": {
      "QuadCDD": 0.024999999999999998,
      "ADWIN": 0.10618055555555556,
      "DDM": 0.15625
    },
    "by_recall": {
      "DDM": 0.6833333333333332,
      "QuadCDD": 0.5916666666666667,
      "ADWIN": 0.4666666666666666
    }
  },
  "imbalance_impact": {
    "delay_by_imbalance": {
      "5:5": 466.15000000000003,
      "7:3": 509.77500000000003,
      "9:1": 664.9666666666666
    },
    "fpr_by_imbalance": {
      "5:5": 0.10881944444444443,
      "7:3": 0.09541666666666666,
      "9:1": 0.08319444444444445
    },
    "recall_by_imbalance": {
      "5:5": 0.7083333333333334,
      "7:3": 0.6333333333333333,
      "9:1": 0.39999999999999997
    }
  }
}