{
  "thresholds": {
    "fpr_threshold": 0.05,
    "delay_threshold": 50,
    "min_recall": 0.8
  },
  "overall_quality": false,
  "detector_quality": {
    "ADWIN": {
      "total_combinations": 6,
      "passed_combinations": 0,
      "avg_delay": [
        1000.0,
        447.3,
        412.1,
        1000.0,
        1000.0,
        855.8
      ],
      "avg_fpr": [
        0.0,
        0.1,
        0.20833333333333334,
        0.0,
        0.0,
        0.05
      ],
      "avg_recall": [
        0.0,
        0.65,
        0.8,
        0.0,
        0.0,
        0.3
      ],
      "pass_rate": 0.0,
      "overall_avg_delay": 785.8666666666667,
      "overall_avg_fpr": 0.059722222222222225,
      "overall_avg_recall": 0.2916666666666667
    },
    "DDM": {
      "total_combinations": 6,
      "passed_combinations": 0,
      "avg_delay": [
        731.95,
        1000.0,
        1000.0,
        1000.0,
        1000.0,
        1000.0
      ],
      "avg_fpr": [
        0.3083333333333333,
        0.1,
        0.45,
        0.55,
        0.1,
        0.45
      ],
      "avg_recall": [
        0.45,
        0.0,
        0.0,
        0.0,
        0.0,
        0.0
      ],
      "pass_rate": 0.0,
      "overall_avg_delay": 955.3249999999999,
      "overall_avg_fpr": 0.3263888888888889,
      "overall_avg_recall": 0.075
    },
    "QuadCDD": {
      "total_combinations": 6,
      "passed_combinations": 0,
      "avg_delay": [
        1000.0,
        1000.0,
        1000.0,
        1000.0,
        967.6,
        1000.0
      ],
      "avg_fpr": [
        0.6,
        0.3,
        0.0,
        0.6,
        0.6416666666666667,
        1.0
      ],
      "avg_recall": [
        0.1,
        0.0,
        0.0,
        0.8,
        0.7,
        0.0
      ],
      "pass_rate": 0.0,
      "overall_avg_delay": 994.6,
      "overall_avg_fpr": 0.5236111111111111,
      "overall_avg_recall": 0.26666666666666666
    }
  },
  "failed_combinations": [
    {
      "detector": "ADWIN",
      "data_group": "Group A1",
      "avg_delay": 1000.0,
      "avg_fpr": 0.0,
      "avg_recall": 0.0,
      "meets_delay": false,
      "meets_fpr": true,
      "meets_recall": false
    },
    {
      "detector": "ADWIN",
      "data_group": "Group A2",
      "avg_delay": 447.3,
      "avg_fpr": 0.1,
      "avg_recall": 0.65,
      "meets_delay": false,
      "meets_fpr": false,
      "meets_recall": false
    },
    {
      "detector": "ADWIN",
      "data_group": "Group A3",
      "avg_delay": 412.1,
      "avg_fpr": 0.20833333333333334,
      "avg_recall": 0.8,
      "meets_delay": false,
      "meets_fpr": false,
      "meets_recall": true
    },
    {
      "detector": "ADWIN",
      "data_group": "Group B1",
      "avg_delay": 1000.0,
      "avg_fpr": 0.0,
      "avg_recall": 0.0,
      "meets_delay": false,
      "meets_fpr": true,
      "meets_recall": false
    },
    {
      "detector": "ADWIN",
      "data_group": "Group B2",
      "avg_delay": 1000.0,
      "avg_fpr": 0.0,
      "avg_recall": 0.0,
      "meets_delay": false,
      "meets_fpr": true,
      "meets_recall": false
    },
    {
      "detector": "ADWIN",
      "data_group": "Group B3",
      "avg_delay": 855.8,
      "avg_fpr": 0.05,
      "avg_recall": 0.3,
      "meets_delay": false,
      "meets_fpr": true,
      "meets_recall": false
    },
    {
      "detector": "DDM",
      "data_group": "Group A1",
      "avg_delay": 731.95,
      "avg_fpr": 0.3083333333333333,
      "avg_recall": 0.45,
      "meets_delay": false,
      "meets_fpr": false,
      "meets_recall": false
    },
    {
      "detector": "DDM",
      "data_group": "Group A2",
      "avg_delay": 1000.0,
      "avg_fpr": 0.1,
      "avg_recall": 0.0,
      "meets_delay": false,
      "meets_fpr": false,
      "meets_recall": false
    },
    {
      "detector": "DDM",
      "data_group": "Group A3",
      "avg_delay": 1000.0,
      "avg_fpr": 0.45,
      "avg_recall": 0.0,
      "meets_delay": false,
      "meets_fpr": false,
      "meets_recall": false
    },
    {
      "detector": "DDM",
      "data_group": "Group B1",
      "avg_delay": 1000.0,
      "avg_fpr": 0.55,
      "avg_recall": 0.0,
      "meets_delay": false,
      "meets_fpr": false,
      "meets_recall": false
    },
    {
      "detector": "DDM",
      "data_group": "Group B2",
      "avg_delay": 1000.0,
      "avg_fpr": 0.1,
      "avg_recall": 0.0,
      "meets_delay": false,
      "meets_fpr": false,
      "meets_recall": false
    },
    {
      "detector": "DDM",
      "data_group": "Group B3",
      "avg_delay": 1000.0,
      "avg_fpr": 0.45,
      "avg_recall": 0.0,
      "meets_delay": false,
      "meets_fpr": false,
      "meets_recall": false
    },
    {
      "detector": "QuadCDD",
      "data_group": "Group A1",
      "avg_delay": 1000.0,
      "avg_fpr": 0.6,
      "avg_recall": 0.1,
      "meets_delay": false,
      "meets_fpr": false,
      "meets_recall": false
    },
    {
      "detector": "QuadCDD",
      "data_group": "Group A2",
      "avg_delay": 1000.0,
      "avg_fpr": 0.3,
      "avg_recall": 0.0,
      "meets_delay": false,
      "meets_fpr": false,
      "meets_recall": false
    },
    {
      "detector": "QuadCDD",
      "data_group": "Group A3",
      "avg_delay": 1000.0,
      "avg_fpr": 0.0,
      "avg_recall": 0.0,
      "meets_delay": false,
      "meets_fpr": true,
      "meets_recall": false
    },
    {
      "detector": "QuadCDD",
      "data_group": "Group B1",
      "avg_delay": 1000.0,
      "avg_fpr": 0.6,
      "avg_recall": 0.8,
      "meets_delay": false,
      "meets_fpr": false,
      "meets_recall": true
    },
    {
      "detector": "QuadCDD",
      "data_group": "Group B2",
      "avg_delay": 967.6,
      "avg_fpr": 0.6416666666666667,
      "avg_recall": 0.7,
      "meets_delay": false,
      "meets_fpr": false,
      "meets_recall": false
    },
    {
      "detector": "QuadCDD",
      "data_group": "Group B3",
      "avg_delay": 1000.0,
      "avg_fpr": 1.0,
      "avg_recall": 0.0,
      "meets_delay": false,
      "meets_fpr": false,
      "meets_recall": false
    }
  ]
}